status,bytes,url
200,0,https://asmaa.video/en/ras-tanura/khotuba-tasweer/asaar
200,0,https://asmaa.video/ar/alomran/half-day-tasweer/jodah-aliah
200,0,https://asmaa.video/ar/qatif/bride-session/baqat-shamela
200,0,https://asmaa.video/en/medina/bride-session/tarkhees-rasmi
200,0,https://asmaa.video/en/altarafiyya/zaffa-tasweer/jodah-aliah
200,0,https://asmaa.video/en/ras-tanura/henna-tasweer/ehtirafi
200,0,https://asmaa.video/ar/jaaberiyah/zaffa-tasweer/afdal
200,0,https://asmaa.video/ar/tarout/zaffa-tasweer/istisharat-majaniyah
200,0,https://asmaa.video/ar/markaz/full-day-tasweer/tarkhees-rasmi
200,0,https://asmaa.video/ar/markaz/zaffa-tasweer/jodah-aliah
200,0,https://asmaa.video/en/jubail/henna-tasweer/khosomat
200,0,https://asmaa.video/ar/medina/half-day-tasweer
200,0,https://asmaa.video/en/alahsa/full-day-tasweer/2026
200,0,https://asmaa.video/en/awamiyah/full-day-tasweer/ajl
200,0,https://asmaa.video/en/riyadh/zaffa-tasweer/afdal
200,0,https://asmaa.video/en/medina/full-day-tasweer/baqat
200,0,https://asmaa.video/ar/altarafiyya/henna-tasweer/asaar
200,0,https://asmaa.video/ar/khobar/half-day-tasweer/moqareeb
200,0,https://asmaa.video/ar/jaaberiyah/henna-tasweer/2026
200,0,https://asmaa.video/ar/seasonal/may-full-day-tasweer
200,0,https://asmaa.video/en/buqayq/bride-session/2026
200,0,https://asmaa.video/en/aiouni/zaffa-tasweer/asaar
200,0,https://asmaa.video/en/buqayq/zaffa-tasweer/asaar
200,0,https://asmaa.video/en/alahsa/zaffa-tasweer/2026
200,0,https://asmaa.video/en/tarout/zaffa-tasweer/tarkhees-rasmi
200,0,https://asmaa.video/en/dhahran/ladies-event
200,0,https://asmaa.video/en/markaz/henna-tasweer/istisharat-majaniyah
200,0,https://asmaa.video/en/medina/ladies-event/ajl
200,0,https://asmaa.video/en/aiouni/ladies-event/asaar
200,0,https://asmaa.video/ar/mutairfi/khotuba-tasweer/asaar
200,0,https://asmaa.video/ar/qara/zaffa-plus-tasweer/musawira
200,0,https://asmaa.video/ar/hofuf/henna-tasweer/tarkhees-rasmi
200,0,https://asmaa.video/en/riyadh/ladies-event/afdal
200,0,https://asmaa.video/ar/dhahran/ladies-event/khosomat
200,0,https://asmaa.video/en/safwa/henna-tasweer/2026
200,0,https://asmaa.video/ar/tarout/bride-session/tarkhees-rasmi
200,0,https://asmaa.video/en/qara/zaffa-tasweer/khosomat
200,0,https://asmaa.video/ar/riyadh/ladies-event/afdal
200,0,https://asmaa.video/en/alahsa/zaffa-tasweer
200,0,https://asmaa.video/ar/markaz/khotuba-tasweer/ajl
200,0,https://asmaa.video/ar/qara/zaffa-tasweer/baqat-shamela
200,0,https://asmaa.video/en/tarout/ladies-event/moqareeb
200,0,https://asmaa.video/en/khafji/full-day-tasweer
200,0,https://asmaa.video/en/khobar/bride-session/ajl
200,0,https://asmaa.video/en/dammam/zaffa-plus-tasweer/bidoun-rijal
200,0,https://asmaa.video/ar/tarout/full-day-tasweer
200,0,https://asmaa.video/ar/saihat/zaffa-plus-tasweer/moqareeb
200,0,https://asmaa.video/ar/alomran/bride-session/istisharat-majaniyah
200,0,https://asmaa.video/en/riyadh/zaffa-tasweer/ajl
200,0,https://asmaa.video/ar/safwa/khotuba-tasweer/musawira
200,0,https://asmaa.video/ar/tarout/ladies-event/istisharat-majaniyah
200,0,https://asmaa.video/en/taif/ladies-event/ajl
200,0,https://asmaa.video/en/hofuf/henna-tasweer/baqat
200,0,https://asmaa.video/en/jaaberiyah/bride-session/tarkhees-rasmi
200,0,https://asmaa.video/en/tarout/zaffa-tasweer/bidoun-rijal
200,0,https://asmaa.video/ar/mubarraz/full-day-tasweer/bidoun-rijal
200,0,https://asmaa.video/en/awamiyah/zaffa-tasweer/ajl
200,0,https://asmaa.video/ar/seasonal/april-zaffa-tasweer
200,0,https://asmaa.video/ar/jubail/full-day-tasweer/ehtirafi
200,0,https://asmaa.video/ar/safwa/bride-session/2026
200,0,https://asmaa.video/en/saihat/ladies-event/khosomat
200,0,https://asmaa.video/en/ras-tanura/henna-tasweer/baqat
200,0,https://asmaa.video/ar/ras-tanura/khotuba-tasweer/musawira
200,0,https://asmaa.video/ar/awamiyah/bride-session/tarkhees-rasmi
200,0,https://asmaa.video/en/mubarraz/zaffa-tasweer/afdal
200,0,https://asmaa.video/en/ras-tanura/full-day-tasweer/2026
200,0,https://asmaa.video/en/altarafiyya/half-day-tasweer/ajl
200,0,https://asmaa.video/ar/medina/zaffa-plus-tasweer/baqat
200,0,https://asmaa.video/ar/markaz/full-day-tasweer/bidoun-rijal
200,0,https://asmaa.video/en/jeddah/zaffa-plus-tasweer/2026
200,0,https://asmaa.video/ar/buqayq/full-day-tasweer/afdal
200,0,https://asmaa.video/ar/dhahran/henna-tasweer/moqareeb
200,0,https://asmaa.video/ar/taif/khotuba-tasweer/tarkhees-rasmi
200,0,https://asmaa.video/en/khobar/full-day-tasweer/musawira
200,0,https://asmaa.video/ar/khafji/half-day-tasweer/asaar
200,0,https://asmaa.video/en/jubail/full-day-tasweer/tarkhees-rasmi
200,0,https://asmaa.video/en/khafji/bride-session
200,0,https://asmaa.video/en/mubarraz/full-day-tasweer
200,0,https://asmaa.video/ar/aiouni/henna-tasweer/bidoun-rijal
200,0,https://asmaa.video/ar/safwa/full-day-tasweer/jodah-aliah
200,0,https://asmaa.video/ar/alomran/henna-tasweer/tarkhees-rasmi
200,0,https://asmaa.video/ar/jaaberiyah/zaffa-tasweer/baqat-shamela
200,0,https://asmaa.video/ar/alahsa/bride-session/moqareeb
200,0,https://asmaa.video/en/mubarraz/half-day-tasweer/jodah-aliah
200,0,https://asmaa.video/en/awamiyah/henna-tasweer/jodah-aliah
200,0,https://asmaa.video/en/dhahran/ladies-event/ajl
200,0,https://asmaa.video/en/khafji/full-day-tasweer/baqat
200,0,https://asmaa.video/en/buqayq/zaffa-tasweer/bidoun-rijal
200,0,https://asmaa.video/en/qatif/zaffa-tasweer
200,0,https://asmaa.video/ar/taif/half-day-tasweer/2026
200,0,https://asmaa.video/en/qatif/half-day-tasweer/moqareeb
200,0,https://asmaa.video/ar/aiouni/bride-session/ehtirafi
200,0,https://asmaa.video/ar/safwa/full-day-tasweer/tarkhees-rasmi
200,0,https://asmaa.video/en/mecca/khotuba-tasweer/2026
200,0,https://asmaa.video/ar/mecca/ladies-event/baqat
200,0,https://asmaa.video/en/markaz/khotuba-tasweer/musawira
200,0,https://asmaa.video/ar/jaaberiyah/zaffa-plus-tasweer/ehtirafi
200,0,https://asmaa.video/en/markaz/khotuba-tasweer/asaar
200,0,https://asmaa.video/ar/aiouni/half-day-tasweer/khosomat
200,0,https://asmaa.video/en/taif/half-day-tasweer/bidoun-rijal
200,0,https://asmaa.video/ar/hala/bride-session/baqat
200,0,https://asmaa.video/en/khafji/full-day-tasweer/baqat-shamela
200,0,https://asmaa.video/ar/dhahran/khotuba-tasweer/tarkhees-rasmi
200,0,https://asmaa.video/en/jubail/henna-tasweer/2026
200,0,https://asmaa.video/en/jaaberiyah/khotuba-tasweer/ajl
200,0,https://asmaa.video/en/battaliyah/half-day-tasweer/baqat
200,0,https://asmaa.video/en/battaliyah/ladies-event
200,0,https://asmaa.video/en/qara/zaffa-tasweer/baqat
200,0,https://asmaa.video/ar/saihat/zaffa-plus-tasweer/istisharat-majaniyah
200,0,https://asmaa.video/ar/alahsa/ladies-event
200,0,https://asmaa.video/ar/dhahran/bride-session/musawira
200,0,https://asmaa.video/ar/qatif/henna-tasweer/baqat
200,0,https://asmaa.video/en/safwa/full-day-tasweer/afdal
200,0,https://asmaa.video/ar/dhahran/henna-tasweer/2026
200,0,https://asmaa.video/ar/buqayq/half-day-tasweer/tarkhees-rasmi
200,0,https://asmaa.video/en/altarafiyya/zaffa-plus-tasweer/2026
200,0,https://asmaa.video/en/salasil/khotuba-tasweer/ehtirafi
200,0,https://asmaa.video/en/jubail/khotuba-tasweer/jodah-aliah
200,0,https://asmaa.video/ar/dhahran/zaffa-tasweer/tarkhees-rasmi
200,0,https://asmaa.video/ar/salasil/henna-tasweer/jodah-aliah
